datetime,daily_active_addresses,network_growth,age_destroyed,average_token_age_consumed_in_days,transaction_volume,velocity,circulation_1d,daily_active_deposits,github_activity,exchange_funds_flow,priceBtc,priceUsd
2019-01-01,498.0,133.0,15057498.027261196,22.195039563530674,678417.2645496259,2.0797740629549293,326197.5791667175,58.0,0.0,-108018.79525899347,0.00037147260168200004,1.4316489105999999
2019-01-02,719.0,229.0,17004426.72121364,8.556926946120031,1987211.8610202647,2.01391814145495,986739.1430242547,47.0,16.0,3165.704422815579,0.00038712091463,1.52590180938
2019-01-03,625.0,162.0,11707094.024395801,16.96033364300287,690263.1912094291,2.113368371059298,326617.5460284023,56.0,32.0,19982.68159144732,0.00038140413918020865,1.46323298945
2019-01-04,553.0,141.0,47267856.33818564,65.39908521415246,722760.206559537,1.5497469785514681,466373.03802656475,53.0,44.0,-33330.38006666381,0.000383865239049,1.47935356197
2019-01-05,603.0,161.0,25034096.94899916,12.460686022875976,2009046.4443964204,2.848844613781222,705214.4699916956,67.0,4.0,273488.8966643252,0.000392099469863,1.5063148745000001
2019-01-06,515.0,136.0,8409826.81952861,11.393801398264277,738105.4422108633,2.3647581862178555,312127.23842659534,55.0,1.0,-38966.87878581903,0.000387697035004,1.58116643389
2019-01-07,581.0,158.0,21577357.136372752,10.876791920043566,1983797.9153219212,1.8854325748074683,1052171.2321240122,50.0,84.0,112883.90326224304,0.00037039352214100004,1.48956198335
2019-01-08,544.0,148.0,11129873.75043212,12.522815705458884,888767.6711221138,2.639034959219464,336777.52847388585,57.0,75.0,-19735.616362489283,0.00037183077342700004,1.49870925531
2019-01-09,563.0,169.0,9313634.48641842,8.770747017670635,1061897.5176976395,1.8670859636775747,568745.9165543908,61.0,83.0,-3367.3093603971397,0.0003787572831413125,1.5281994939299999
2019-01-10,710.0,172.0,111279387.32158595,44.546530253354334,2498048.3707416602,3.015382721868307,828434.9288815612,75.0,88.0,-1884.9407184503452,0.000349993526843,1.28472202592
2019-01-11,623.0,167.0,5064404356.248945,447.52018935112534,11316594.148728786,1.0563387689287003,10713034.948254036,61.0,69.0,-10130314.489229143,0.000354796667783,1.30557713911
2019-01-12,430.0,120.0,26152509.818655916,34.39717194072619,760309.8843045116,1.738044223653132,437451.4031101258,40.0,3.0,24886.406003697004,0.000356290113401,1.30270227988
2019-01-13,482.0,149.0,51122146.303630486,41.760502301940676,1224174.6024509578,2.392105884494626,511756.02651451377,55.0,6.0,-118020.8712781562,0.000339642216289,1.20290824522
2019-01-14,607.0,151.0,897865421.0350598,279.20162066741904,3215831.6949907094,1.2218004338158603,2632043.340291838,91.0,119.0,-2103979.2057197415,0.00035053833926,1.29643261149
2019-01-15,512.0,149.0,9003779.123906655,8.266076602751328,1089244.5783662093,2.7456247877436106,396720.1138438748,58.0,100.0,62103.81154802128,0.00034299109156199996,1.24416477592
2019-01-16,494.0,142.0,7017551.322589051,9.74319331112059,720251.677094349,2.0648578305148146,348814.1732812537,53.0,74.0,38648.91623029165,0.0003502979796706453,1.2802169024899999
2019-01-17,578.0,158.0,44180089.42040113,38.96325909305954,1133891.0155046766,2.073613243257182,546818.9495759535,80.0,120.0,141046.6320419185,0.000355934254203,1.30837525404
2019-01-18,548.0,118.0,49432409.79380737,33.49131522995884,1475976.9646068958,2.4849937217923888,593956.0135155171,81.0,83.0,371127.0402936827,0.000350647546135,1.28179076808
2019-01-19,506.0,142.0,8771839.302135076,6.1295298787561645,1431078.6431658776,2.0546298244465846,696514.1000770491,56.0,4.0,-62654.07756161699,0.000351663404708,1.31070288737
2019-01-20,532.0,134.0,8793502.653193088,9.032995693767605,973486.8643035273,3.2479663346046763,299721.9687691177,64.0,0.0,7180.12924794659,0.000352049059493,1.26630988045
2019-01-21,453.0,131.0,5032716.7191684125,8.64499094569513,582154.0763642449,2.966471487510096,196244.62221036747,57.0,76.0,-31672.81640965544,0.00035726861355289837,1.27753699044
2019-01-22,498.0,146.0,18445285.560044747,22.77287447573291,809967.3837705597,1.9845780816333347,408130.7716066004,84.0,77.0,34354.80684985799,0.00036040735643500004,1.29893316506
2019-01-23,478.0,113.0,192830596.30378088,150.55138511196265,1280829.108017678,1.6088540011758405,796112.7032543516,63.0,86.0,196095.57050942702,0.00035642915043099997,1.27689037284
2019-01-24,505.0,117.0,50240080.83448367,32.60171548437543,1541025.6818712985,1.7925571539328813,859680.0824399248,55.0,126.0,267737.7120279533,0.00035127531881,1.26500677663
2019-01-25,479.0,128.0,14702009.67591647,14.29613526080434,1028390.4990899821,1.816686552090534,566080.316886021,66.0,72.0,-673.7235190033269,0.00034713859346706323,1.2497150803700001
2019-01-26,407.0,89.0,59926376.264542885,35.906154387919116,1668972.2774852633,1.8654492863662422,894675.7704339949,52.0,1.0,369886.3229255287,0.000346050946227,1.24517081363
2019-01-27,579.0,141.0,238060638.70247126,73.44610933627213,3241296.7937146034,2.6129338902021657,1240481.7457757501,76.0,0.0,-221775.95532143395,0.000329174800342,1.17810095394
2019-01-28,740.0,215.0,22988681.58341266,13.915396031987022,1652032.1470239908,2.7427330677787953,602330.633787083,122.0,120.0,-152250.18973206077,0.000322565633906,1.11830564229
2019-01-29,551.0,176.0,22536957.570938017,21.670459648896422,1039985.2119466112,2.1341332428337028,487310.3473922368,63.0,107.0,-104230.1804714525,0.000322844069964,1.11231111869
2019-01-30,511.0,163.0,26647578.36773213,42.9917996727088,619829.3295604462,2.322709728722681,266856.1301033974,67.0,122.0,-37229.49732992286,0.000326306273392,1.13683345615
2019-01-31,512.0,144.0,253184489.2136195,118.80831597279735,2131033.3972883625,1.8229527468402111,1169000.8975724443,52.0,91.0,79760.3577744955,0.00031679032125800003,1.09405355674
2019-02-01,542.0,159.0,7146725.507284632,7.059221076363947,1012395.7629282455,2.3680022312509856,427531.5916376527,48.0,96.0,-117444.93245621043,0.00031368238656799996,1.0933135232
2019-02-02,408.0,110.0,3418053.4660657006,9.291263501171997,367878.2186765606,1.9947909543865316,184419.43396003428,30.0,1.0,-117358.84684361007,0.00031377823828500004,1.10360647783
2019-02-03,400.0,108.0,12661079.996590449,16.27324413502863,778030.4831374782,1.85605060693403,419186.0287811279,45.0,7.0,-111836.76810604468,0.0003178300080915028,1.10028011593
2019-02-04,413.0,87.0,33445737.432752155,46.23716912478672,723351.7550022898,1.6513766743092735,438029.53393710003,42.0,87.0,-17121.33035302396,0.000320350720006,1.10923685639
2019-02-05,433.0,137.0,39850012.52691944,11.151396167088048,3573544.687124629,3.3231260172331933,1075356.3568136762,39.0,71.0,-113149.6389996201,0.000311287388218,1.07989417263
2019-02-06,504.0,140.0,238473512.21480826,57.02307622615548,4182052.740701222,2.253357094739616,1855920.9947078852,47.0,43.0,-409526.4527512536,0.000300255346499,1.02312000122
2019-02-07,475.0,126.0,222100383.1850299,49.50715747500409,4486227.739840795,2.77871491698639,1614497.3032016763,61.0,98.0,921987.0900329548,0.000304698900657,1.0353163401
2019-02-08,549.0,131.0,65705214.3114301,12.94242751879431,5076730.328681888,2.3032348123623456,2204174.0170967868,68.0,54.0,432963.44587451336,0.000312538976753,1.14530849176
2019-02-09,497.0,120.0,5963503.805602251,6.662657969892156,895063.7767315523,2.4227795788962614,369436.7347851405,46.0,2.0,-24939.09280078308,0.000314326313747,1.1518568227000001
2019-02-10,558.0,158.0,19435157.60244658,9.114508332080202,2132331.9804361747,3.45806848279079,616625.1452357897,71.0,2.0,34038.60598956695,0.000323412458151,1.19276531067
2019-02-11,471.0,139.0,6991328.391191833,10.261913270153013,681288.9767375307,2.7768811070358166,245343.2287797057,48.0,97.0,16515.64753541021,0.000316340248605,1.15453483635
2019-02-12,462.0,124.0,53187916.47486979,49.13744835191916,1082431.3890689122,1.9319917967882845,560267.073011558,48.0,111.0,77667.45249257452,0.00031769721572678965,1.16072534354
2019-02-13,489.0,125.0,47359297.65163943,36.76192973916066,1288270.1748159304,2.6857161586037925,479674.7305886769,47.0,102.0,-46786.52283723792,0.00031497075519100004,1.1427153000299999
2019-02-14,408.0,115.0,8583973.506000219,16.099735025915994,533174.8312740837,2.51542094151922,211962.46817920892,28.0,41.0,-94715.74332589492,0.00031163630109899996,1.12514841745
2019-02-15,404.0,106.0,12271230.98562541,19.347186016656362,634264.3821722124,2.4917138544196504,254549.4463769158,40.0,71.0,-77334.37510043466,0.000314317141427,1.13780035862
2019-02-16,620.0,162.0,12526593.614910014,9.149580325471263,1369089.4193297133,2.639432768835229,518705.92632442387,63.0,6.0,-120358.02496603307,0.000335914349785,1.21869629945
2019-02-17,642.0,211.0,76174576.83697814,31.823768287108134,2393637.866821595,2.4778810376081766,966001.930880467,69.0,8.0,284662.489409324,0.000333634144578,1.22336300678
2019-02-18,734.0,188.0,49780168.85521681,20.731701607289573,2401161.747268894,2.6786926040149632,896393.1672002656,78.0,73.0,-85202.53689003464,0.00033566625465,1.31392616443
2019-02-19,700.0,219.0,212429919.35088295,40.40237555821585,5257857.153592175,1.3013636745459685,4040267.3414305826,80.0,38.0,79331.03928995202,0.00032798524431700005,1.29603655682
2019-02-20,681.0,168.0,116475803.2019975,42.17751982902723,2761561.2220478877,1.6290565896511136,1695190.4799325052,149.0,68.0,1337393.7763136749,0.000332846319733,1.33276497273
2019-02-21,794.0,362.0,32090598.344048105,10.890064314118861,2946777.669847457,1.7816056726734908,1654001.059294733,75.0,92.0,-938160.3930245696,0.000333780145446,1.31957581828
2019-02-22,997.0,397.0,334977087.05759174,75.31675683102142,4447577.154830723,2.0020259020530244,2221538.267946412,76.0,66.0,385210.6104665416,0.00032561372672900004,1.30520173997
2019-02-23,695.0,232.0,7481017.069920461,5.234881894109318,1429070.8408032397,2.4206464625620105,590367.434032772,48.0,2.0,-237470.10655753955,0.000323429782773,1.3389557004900001
2019-02-24,956.0,266.0,35476312.15565303,5.186178202424886,6840550.164486341,2.185358668972103,3130172.7545272205,88.0,3.0,870521.241702675,0.000351038915735,1.33409072485
2019-02-25,614.0,158.0,24981911.088561825,7.114361968549843,3511475.9691731026,1.7728226163623761,1980726.0674382856,69.0,47.0,-4165.196730605924,0.00034283062416500004,1.3289143597
2019-02-26,689.0,198.0,13846137.534527062,4.386478509646835,3156549.725269679,2.273368338053376,1388490.2294243025,77.0,53.0,245995.39679671815,0.0003498297188289373,1.34840340974
2019-02-27,588.0,154.0,8135971.922085242,6.162938671324751,1320144.8782771004,2.365283533972514,558133.8809135945,89.0,90.0,48677.754851721096,0.0003447813185695793,1.32716415907
2019-02-28,508.0,140.0,41228253.12393662,26.403089796442632,1561493.5010178788,2.3494297961372226,664626.584537738,46.0,116.0,285242.7918875858,0.000340528551811,1.311348685
2019-03-01,506.0,131.0,28723789.08101999,15.34496234157036,1871870.939898343,1.6009488430315038,1169225.954999182,57.0,71.0,-395517.0234769463,0.00034581915552099997,1.3322460863
2019-03-02,485.0,137.0,90538791.5528779,52.074704215970876,1738632.8528604566,2.3638408385822114,735511.8096289672,55.0,28.0,308105.775180029,0.00033268147667600003,1.2838687496
2019-03-03,532.0,157.0,5612243.736606464,4.678030649603103,1199702.2159490602,2.1517578567727553,557545.1773873835,61.0,4.0,-109998.36956413987,0.00032363851158536056,1.24536251106
2019-03-04,550.0,147.0,9158492.837118253,5.944897453917139,1540563.6359772116,2.5520999795947343,603645.4873612947,62.0,125.0,-192131.74883530888,0.00030778573746429903,1.15630689133
2019-03-05,660.0,161.0,29143379.831661813,18.98328992009259,1535212.2816612222,1.8841932629521225,814784.9330784036,83.0,155.0,28712.693200519196,0.0003174483535333741,1.23763215829
2019-03-06,1073.0,162.0,36565411.69087014,37.1538940809526,984160.949891275,2.0300614363519767,484793.67780110845,65.0,84.0,-7813.624372085214,0.0003206260399,1.25041836973
2019-03-07,582.0,180.0,11636852.51288549,8.562925064811445,1358981.005299939,2.1699160492803737,626282.7567686911,56.0,113.0,23177.819825062397,0.000318981779903,1.2461256712
2019-03-08,589.0,162.0,7944630.654544685,5.996169516750944,1324950.9761774584,2.6455589588215145,500820.80830573064,70.0,119.0,-153642.5114124916,0.000322657545138,1.2582976632
2019-03-09,700.0,204.0,53380828.89167993,16.692738414550533,3197847.3253465425,2.4656420721496657,1296963.3189940292,86.0,5.0,166267.83844297283,0.000344121554528,1.3634915968399999
2019-03-10,759.0,225.0,15093175.448123563,8.822104651011676,1710836.1377681857,1.9720557586330378,867539.4345614649,91.0,12.0,-146912.98481947475,0.000352011228965,1.38938810265
2019-03-11,758.0,168.0,10902629.971510911,5.711048179546873,1909041.84814213,1.7426082392969409,1095508.3334808175,63.0,135.0,-474661.60973340325,0.00034467225955855414,1.34643154572
2019-03-12,862.0,193.0,36193987.08475726,13.557829458869927,2669600.410195311,1.8707166132077118,1427046.935568586,100.0,147.0,-449414.27121977106,0.000371488677956,1.45016490378
2019-03-13,747.0,184.0,371132922.22020066,48.3028738982999,7683454.259918548,2.874987071333768,2672517.8476555813,92.0,163.0,-113160.21957386343,0.000366210627815,1.42865978175
2019-03-14,955.0,277.0,35862955.115327954,7.711738382372852,4650437.208464164,2.481578790441127,1873983.299010021,137.0,111.0,191289.12314264366,0.000386085957209,1.51457826005
2019-03-15,729.0,204.0,30126556.13675359,10.014050856270034,3008428.5140104536,2.305773978512639,1304736.952557284,107.0,148.0,-355844.9296624279,0.000384414413114,1.52259964425
2019-03-16,606.0,180.0,41917576.635833554,15.9244383768594,2632279.7478839895,1.6997964798518193,1548585.2448132264,105.0,5.0,244917.99718221926,0.00038092134212517557,1.54201620877
2019-03-17,461.0,131.0,18858284.849448472,23.198509711603194,812909.3240854229,2.292831283470565,354543.89075455884,50.0,15.0,-168867.19621898673,0.000377712216338,1.51779103117
2019-03-18,796.0,173.0,31198252.57386785,8.69360093429599,3588645.580773291,1.4242879069630359,2519606.859841451,127.0,136.0,1847528.1121269276,0.000372457533094,1.49948157631
2019-03-19,650.0,173.0,340138603.8443314,120.04721691101199,2833373.5058303555,2.304955771901072,1229252.8734698694,67.0,98.0,-227553.97103210702,0.000370190285255,1.507110554
2019-03-20,627.0,171.0,22367617.837593403,8.089083189424915,2765161.0588991367,2.1186495467329247,1305152.6446000303,70.0,82.0,-91207.13276602,0.00038295890638499996,1.56402780138
2019-03-21,779.0,222.0,39134305.42706055,13.317775648420165,2938501.6282131826,2.5572919035234825,1149067.740043465,89.0,65.0,7947.300260640181,0.000387455711259,1.5603891756100001
2019-03-22,693.0,202.0,20905011.14905971,11.163140193371058,1872681.9503237633,2.1087957339536683,888033.8290578644,79.0,57.0,288155.75668480224,0.000415456594429,1.66957875698
2019-03-23,846.0,271.0,117350076.12395808,29.14467979871528,4026466.4746507495,2.9331924694710763,1372724.9461324366,101.0,6.0,152953.52725423247,0.0004448246471019432,1.79509081768
2019-03-24,872.0,261.0,69524402.72666733,21.477402792446256,3237095.443920228,2.610996630211145,1239793.037824967,135.0,12.0,-40926.64225795646,0.00043210839144461175,1.7368982341099999
2019-03-25,722.0,200.0,32779203.147205383,16.62141746767289,1972106.3628272323,1.8757673066050167,1051359.8119995939,88.0,158.0,-399546.8108033578,0.000422688076865,1.6709649694
2019-03-26,624.0,169.0,128033774.2091384,68.24755026280151,1876020.072751586,2.2403064043488885,837394.415830733,79.0,109.0,207676.37680497655,0.000413611089713,1.64508423645
2019-03-27,761.0,221.0,26942334.393491704,12.055444321315095,2234868.634900105,2.358233091028546,947687.7597054513,104.0,108.0,3661.9630163403644,0.00044251426778500004,1.80613236248
2019-03-28,609.0,182.0,14480225.948444074,12.497664776653432,1158634.5295078007,2.7450164899532323,422086.54620050814,75.0,94.0,-137504.08668530855,0.00043404283344700004,1.7641876151
2019-03-29,948.0,264.0,166432892.2294756,37.19868139094103,4474161.072548313,2.3948410948437386,1868249.664740378,146.0,96.0,-510962.259567972,0.000482836415492,1.98420914498
2019-03-30,968.0,364.0,80784851.97421615,19.69104525616671,4102618.7753500035,3.070717313486831,1336045.7367179282,123.0,2.0,278372.8397148569,0.000460632676104,1.88785048463
2019-03-31,738.0,266.0,14521097.346952543,7.7408893628409965,1875895.219050532,2.4987760910061905,750725.6155533167,105.0,11.0,78735.41934825042,0.000451247024873,1.84921561671
2019-04-01,771.0,249.0,45532833.30258851,14.053687838233326,3239920.640525087,1.6992075843918273,1906724.4463157812,94.0,108.0,-998491.113482417,0.00044247170964800003,1.83620644594
2019-04-02,1226.0,342.0,36946203.5861625,5.903369973502112,6258493.665821278,2.8531717016011555,2193521.5684037227,162.0,67.0,528767.4446777118,0.00042760215620600003,2.08461949878
2019-04-03,1400.0,481.0,39882978.75435922,7.950416020888578,5016464.377407729,3.3240231939484226,1509154.4446923477,193.0,105.0,-85566.8921203028,0.0004035942742080702,2.00639133961
2019-04-04,993.0,275.0,29321288.07610597,8.710654791277,3366140.5231520375,2.7957490102287545,1204021.0014691541,147.0,181.0,253431.79088709556,0.00043417462798199996,2.13346206096
2019-04-05,1340.0,401.0,37846308.03336456,9.388072180105391,4031318.390751835,3.2666276873092293,1234091.7841397747,158.0,133.0,234824.99318753657,0.000490436049855,2.46978282379
2019-04-06,800.0,238.0,23106197.797017623,10.374890423066434,2227126.9242175063,2.551475689406244,872877.9715458627,129.0,28.0,83870.94326592454,0.000462431070313,2.33845033332
2019-04-07,853.0,230.0,26523715.798115846,14.043488818047454,1888684.2252496334,2.3163408878305787,815374.0389302226,76.0,3.0,-89038.49630658737,0.00045170134307199994,2.34502637878
2019-04-08,841.0,250.0,39539117.129607245,16.049782214666504,2463529.8224468054,3.4874135398175135,706405.9923836013,100.0,167.0,48401.194805955456,0.00044370471122600003,2.34452484038
2019-04-09,675.0,208.0,66467277.71287306,23.23576446923537,2860559.109250616,2.0070615043719777,1425247.3593955487,64.0,103.0,835878.7484968288,0.0004328105725491315,2.25276101588
2019-04-10,689.0,235.0,17591988.12252509,10.110169960494089,1740028.9205093996,2.4020311187684635,724398.9917172776,62.0,60.0,-70863.18785740128,0.000422008091043,2.24224014352
2019-04-11,947.0,411.0,48066979.18900104,22.644243514902158,2122701.920131189,2.480837820945487,855639.1321550386,162.0,45.0,-102925.30308953428,0.000397710845755,2.01142175132
2019-04-12,586.0,176.0,74556698.71940576,42.43717340564975,1756872.4006834975,2.352454122297783,746825.3616642079,67.0,14.0,22073.839344634882,0.000390401441136,1.98417220316
2019-04-13,490.0,145.0,12689266.652001947,16.3180449275362,777621.7499309124,2.19210251851379,354737.8570862317,54.0,8.0,-161025.03664432946,0.000379310121757,1.9285778336
2019-04-14,555.0,171.0,15320167.620518066,12.754443368563708,1201163.1694001,2.186701610352895,549303.6469691237,65.0,3.0,-256851.0855447476,0.00038333846447799995,1.97606691839
2019-04-15,747.0,175.0,21754642.84204852,9.884195334317857,2200952.3391870395,2.295267211301006,958908.9794645277,60.0,41.0,-57397.36823292248,0.000369857798493,1.8676312829300001
2019-04-16,651.0,234.0,7731205.153988702,4.478275228809814,1726380.0813875878,2.87958938250339,599523.005563644,71.0,51.0,-213820.3273938336,0.00036954400510299997,1.92858723232
2019-04-17,612.0,193.0,9042013.785153225,6.765267674398175,1336534.520189193,2.3669066906607656,564675.6272491985,78.0,101.0,-135589.40033029727,0.000371974225201,1.94626814193
2019-04-18,614.0,205.0,17733923.602617238,12.419130939973925,1427952.0594743374,2.462658615579493,579841.659920177,66.0,119.0,234905.55263255295,0.0003738877496996936,1.98091507451
2019-04-19,571.0,172.0,16910940.666439913,27.761450072584275,609151.9218997947,2.2136638468520196,275178.1499101819,64.0,109.0,14783.988465844346,0.000373652915987,1.97506564158
2019-04-20,612.0,203.0,12089741.781443268,23.305903158546283,518741.61233738565,2.088264881827202,248407.95669728157,72.0,4.0,-39687.71288466496,0.00036771815748747196,1.96209958195
2019-04-21,616.0,166.0,50981535.35414428,27.742463177500454,1837671.5516555533,1.8778748737886082,978591.0538054397,67.0,0.0,-87462.43988702488,0.000351430854011,1.8603918829800001
2019-04-22,609.0,233.0,76652208.4600674,64.78244267597664,1183225.0420605463,1.7153869270430648,689771.5165057,54.0,52.0,-48764.51644883505,0.00034782418039,1.8686642999
2019-04-23,681.0,216.0,19856009.727217715,14.725237842762194,1348433.888759049,1.9996665706160814,674329.3649918883,82.0,63.0,-74668.39258493985,0.000318273810294,1.7656013877699999
2019-04-24,728.0,207.0,53116041.656175934,15.841273776711253,3353015.8246657816,2.48425657384879,1349705.9281083194,77.0,58.0,-717297.6580723486,0.000307345785539,1.6724556394299999
2019-04-25,857.0,208.0,38264097.41946862,12.71873010852824,3008484.109102334,2.257436798910679,1332699.152664681,203.0,70.0,-168775.80588796752,0.000290206915442,1.50250670002
2019-04-26,819.0,288.0,13680984.529990451,7.119512249997816,1921618.2302368614,2.323239093522871,827128.9147958469,102.0,100.0,-243998.99277177232,0.00028700382491000004,1.5093858211
2019-04-27,618.0,216.0,17341192.225645658,10.359663328099943,1673914.6511266201,2.169290958014133,771641.3720080212,71.0,12.0,-222423.7612145224,0.00029723102211418533,1.56692656895
2019-04-28,671.0,256.0,21688553.195415165,20.658622851587676,1049854.7435241225,2.0953126057112206,501049.2184614942,64.0,11.0,-98974.00017293212,0.00028763328877928366,1.52018191459
2019-04-29,612.0,227.0,14765261.618498534,11.912338021018643,1239493.1702278822,1.475740705373885,839912.5711680173,36.0,105.0,-336255.9287304,0.000282287694166,1.47925604465
2019-04-30,679.0,207.0,12895027.929930998,9.60711069272195,1342237.8842475384,1.7204715208363237,780156.9906807158,82.0,107.0,413445.1222235712,0.000294675348179,1.57638921776
2019-05-01,548.0,164.0,15098947.135897819,10.537892994115712,1432824.1086077604,1.6443572915795959,871358.1384927384,79.0,15.0,435988.606190085,0.00029705713826200003,1.60375512001
2019-05-02,1194.0,177.0,10732995.31141851,8.282647465962864,1295841.1372118911,2.4354524705565486,532074.0818710246,96.0,54.0,-104233.13186926737,0.00030629167402154657,1.68630485481
2019-05-03,807.0,236.0,15989616.8035954,8.400439589001955,1903426.199806182,1.943443635105592,979409.0064787291,89.0,76.0,-99218.22322697463,0.000293907512152,1.6979159113
2019-05-04,703.0,148.0,12555412.943449832,5.4390811786094355,2308370.2065023743,2.90416602117566,794847.8804830522,110.0,10.0,-202532.3140882985,0.000276122443943,1.61081740239
2019-05-05,513.0,156.0,5005316.312502983,7.003009159371726,714737.9360206395,2.5982070290512067,275088.9086315967,88.0,0.0,-3446.910389788066,0.000272180125535,1.57536964008
2019-05-06,663.0,226.0,44730808.02456489,35.10595836927877,1274165.7001367845,2.6079979238800517,488560.85676676617,77.0,48.0,-56380.407292988515,0.00028830569483734384,1.65683718622
2019-05-07,705.0,220.0,25717704.926805574,13.639949978112275,1885469.152604974,2.431021513556633,775587.1933220772,83.0,87.0,28882.921681854375,0.000285927648945,1.66851612502
2019-05-08,547.0,156.0,5360622.160463768,6.23764055296703,859399.0171353973,2.832786939247107,303375.80466387153,57.0,86.0,101250.80476535072,0.00028285753225899997,1.6918723503700002
2019-05-09,537.0,180.0,10528868.299570298,18.220915450657913,577845.1872016191,2.29767508564181,251491.25340331148,38.0,126.0,42005.10343092572,0.000266814135177,1.6463177071800001
2019-05-10,628.0,210.0,9983466.203397967,11.395500640508333,876088.4245760198,1.9547292209181002,448189.1482465989,35.0,107.0,43066.69598256006,0.0002555341380027052,1.63022268338
2019-05-11,701.0,240.0,14264507.745419668,11.386144885242299,1252795.2076130738,2.9423317887263316,425783.11950175423,48.0,0.0,57443.35927997612,0.00024980338343400004,1.7930317363100001
2019-05-12,680.0,193.0,10628902.945878489,7.016125992555898,1514924.7543666891,3.7562018186937953,403312.92818911927,45.0,26.0,6694.983304521151,0.00023941773881700003,1.66576303185
2019-05-13,591.0,172.0,24261408.783634502,19.04513095100317,1273890.3631616444,2.585913617368719,492626.8049347623,43.0,79.0,66716.012104439,0.000225061016473,1.76004488345
2019-05-14,780.0,274.0,26845465.069926478,15.831219552157846,1695729.4402671177,3.06086810406421,554002.7804581113,55.0,69.0,7754.703920373808,0.000225358813509,1.80084458643
2019-05-15,1301.0,459.0,52886360.33121936,11.52333822194639,4589499.961955158,2.3992649338397403,1912877.5222877075,143.0,109.0,239582.5750549681,0.000274389671762,2.25206336874
2019-05-16,1445.0,499.0,88870951.10995346,19.450904397464935,4568988.119726514,2.797390266456326,1633303.7883607135,205.0,57.0,-38784.90363188873,0.000275757134256,2.17252375422
2019-05-17,924.0,268.0,15343182.455761047,6.972903098369646,2200400.9290403705,2.835050154532329,776141.7996512826,105.0,66.0,176533.83313841914,0.000279086610093,2.0418660839
2019-05-18,613.0,195.0,8911826.059679301,11.754439640803103,758166.8145832949,2.6199842696768814,289378.38419800857,69.0,7.0,56765.825241260354,0.00027073080641294294,1.9676614890700002
2019-05-19,800.0,250.0,37415118.41975589,41.27841377852317,906408.822308542,2.572964833505943,352281.85418821406,91.0,3.0,15255.480081958754,0.000252913066445,2.07380092995
2019-05-20,743.0,240.0,16752711.53172296,8.090683812946851,2070617.5051501805,2.3543415971369335,879488.9865040039,95.0,93.0,-115064.53454659904,0.000255012219937,2.03340718077
2019-05-21,755.0,274.0,16475714.684284378,10.859273357099816,1517202.3157067434,2.834781798181606,535209.5588732669,98.0,68.0,-33787.543662608696,0.00026283617962700003,2.09018357256
2019-05-22,758.0,285.0,37159393.80307631,21.145625293251573,1757308.818620531,2.960378782571275,593609.4492253452,69.0,72.0,-83417.14144805024,0.00025405197935200003,1.9468020670000001
2019-05-23,745.0,257.0,26189660.748785913,14.527707628165118,1802738.6989817705,2.3386894063940815,770832.8836026718,72.0,88.0,-157779.57717837006,0.00024791796776399996,1.95187911851
2019-05-24,650.0,206.0,19133000.21062634,15.204161675521409,1258405.4694334338,2.4323934650851116,517352.75871142885,71.0,102.0,-100530.10618491509,0.000248562009068,1.98433219328
2019-05-25,629.0,173.0,31450622.122783776,47.30885341486913,664793.5820169101,2.1400850818410797,310638.8562107999,66.0,2.0,-22826.545039704437,0.000248423933603,1.99837230716
2019-05-26,580.0,181.0,19702069.47682234,20.96950827716464,939558.0104411652,2.1141291925496617,444418.44602128933,64.0,28.0,10126.369016148905,0.000244734818665,2.12196917357
2019-05-27,4968.0,1634.0,47211004.52446243,19.378245145333455,2436288.9503351892,2.498956845028556,974922.3781843066,141.0,78.0,87111.90944877785,0.000250664377369,2.20691145591
2019-05-28,1029.0,323.0,36917107.52355131,15.778858365832546,2339656.4356957152,2.743309302050422,852859.1486009227,128.0,119.0,35374.92700784041,0.0002591097096906089,2.25942675398
2019-05-29,943.0,266.0,29607502.426438,19.566014957506837,1513210.6609720527,2.2869217040865673,661680.1345966726,91.0,140.0,100412.78435319586,0.000267044748711,2.31206159277
2019-05-30,965.0,336.0,89887349.70633158,32.789496579582476,2741345.829697887,2.8719642997695836,954519.4659689271,132.0,112.0,232282.10220526168,0.00026104655139699997,2.1643607345399998
2019-05-31,691.0,230.0,16210869.180512512,17.38760998659545,932323.027317146,1.7907435831662497,520634.576653732,73.0,75.0,8143.474322584554,0.00027001437048299997,2.31101735024
2019-06-01,637.0,219.0,8739770.442151878,7.715199475316606,1132799.0248487038,2.2623827819510596,500710.5932232158,63.0,14.0,-164381.09530871792,0.000263707055523,2.25451254301
2019-06-02,666.0,218.0,22164615.519309323,22.13087627974323,1001524.5324739802,2.4283377771374983,412432.1344020632,84.0,9.0,-83288.78352151661,0.000271478956934,2.3690239384
2019-06-03,905.0,222.0,26962152.856714845,14.613182823637388,1845056.8354693067,2.057715020206704,896653.2378637989,65.0,71.0,-59954.8114730161,0.00026049066660699995,2.12895357309
2019-06-04,735.0,248.0,12498129.448429981,9.84531399715286,1269449.5525530495,2.3406793101062155,542342.3649160408,60.0,66.0,-54292.24306401632,0.00026024306446373384,2.00589388559
2019-06-05,675.0,235.0,133852273.80405918,77.25420351668502,1732621.2388579024,2.3881820157847224,725497.9844107865,85.0,76.0,99089.13604864407,0.000262900506599,2.05012563673
2019-06-06,613.0,220.0,23051097.208057944,21.211792160524652,1086711.4402033533,2.093129008532042,519180.34472490055,71.0,88.0,77749.11071239538,0.000255421613894,1.9944402216500001
2019-06-07,694.0,263.0,468607412.66248775,121.77658471421805,3848091.271094543,2.6042663878351218,1477610.4660681004,79.0,133.0,693245.4218763747,0.000254444881771,2.03940674268
2019-06-08,577.0,240.0,15827755.88941779,11.907011283944467,1329280.3300489096,2.528993187525029,525616.4139175866,67.0,42.0,-64537.64674093133,0.000256590414389,2.03525479827
2019-06-09,623.0,227.0,8624682.726368811,8.222164615108904,1048955.2484172173,2.41961561427152,433521.44126951747,72.0,6.0,-80915.09988008084,0.000259094853148,1.98797096077
2019-06-10,595.0,179.0,48889199.76912999,34.787299386037326,1405374.9682205212,2.2554778831472007,623094.1029044897,51.0,90.0,-52600.76585268348,0.00026230254355499996,2.09243325421
2019-06-11,632.0,180.0,18566302.757291723,12.593985014742541,1474219.854601858,2.3030663774552997,640111.7523285421,47.0,80.0,-95886.81336038244,0.000252709560863,1.99906726439
2019-06-12,568.0,183.0,38433733.37991244,12.934795666326988,2971344.4550165255,2.647611226808769,1122273.7027739384,64.0,117.0,-97135.92281902659,0.000252684830365,2.05832552459
2019-06-13,643.0,201.0,61261899.697002254,42.93637254269379,1426806.5993718137,2.127011663207514,670803.3736026639,55.0,74.0,203677.78700424792,0.000259290772048,2.13039299336
2019-06-14,805.0,259.0,42191583.5758618,15.325064781081661,2753109.6395720295,2.010851202025508,1369126.485738403,107.0,38.0,185750.9927664277,0.000241434510369,2.09536557443
2019-06-15,1114.0,472.0,112171215.23493303,45.6869066105442,2455215.805944819,2.217077781503542,1107410.7667435003,155.0,13.0,134817.99478152394,0.000246799297167,2.18108105217
2019-06-16,1139.0,459.0,53973895.362885796,24.2112461079414,2229290.2695818734,2.659089748617038,838365.9373442736,157.0,5.0,-81407.92624167135,0.0002421032776712941,2.17624789272
2019-06-17,1055.0,433.0,322941523.8686448,113.31507072453367,2849943.2758922945,2.3653345108159956,1204879.590121536,128.0,111.0,160056.69768589828,0.00022841744776200002,2.1313302473
2019-06-18,1007.0,399.0,260102960.70412698,79.56286653934113,3269150.195531414,2.3282794184307307,1404105.611058848,99.0,110.0,184649.68998931718,0.00022617632369699997,2.05040274162
2019-06-19,925.0,357.0,153768307.00217244,78.99909180486755,1946456.6425901374,1.8340843392600354,1061268.8854730837,95.0,129.0,85623.37546563399,0.00022649377943699997,2.09983242966
2019-06-20,923.0,334.0,137627079.7400341,85.87980321122316,1602554.670526403,2.0509358541206693,781377.2757966106,79.0,67.0,-96406.6810010114,0.000213552610433,2.03132387214
2019-06-21,1118.0,410.0,85507062.42425111,46.97249141866175,1820364.6398513133,2.2151607287389035,821775.4207333094,124.0,59.0,-153757.97957477262,0.000203500328601,2.06150249509
2019-06-22,1215.0,396.0,183492023.25224295,51.66031199558184,3551895.375078952,2.6453532568159117,1342692.2721671562,202.0,2.0,335594.5575171066,0.00021099622170600002,2.25720415098
2019-06-23,1168.0,364.0,169108940.29623225,50.50098809448524,3348626.367069024,3.063282554985895,1093149.6872917213,135.0,1.0,464316.8227648249,0.000207509793964,2.24836078697
2019-06-24,1233.0,362.0,137540673.77217412,27.579365405981882,4987086.241742964,2.6042120733288443,1915007.726451481,117.0,60.0,512332.2666623153,0.00021403299007199998,2.35559879534
2019-06-25,1196.0,449.0,535943329.636536,119.08576139440773,4500482.0337967295,2.7066638239805556,1662741.4139588627,129.0,82.0,-523179.75831301376,0.000229721069569,2.70887733162
2019-06-26,2061.0,817.0,217237832.25194007,22.545433765637625,9635557.89212806,3.8399880233816224,2509267.6939243968,255.0,82.0,192690.01355857088,0.000214199160657,2.77871834359
2019-06-27,1357.0,502.0,192599110.8391801,33.585692153819565,5734558.333861127,3.65586329529076,1568592.1137281004,158.0,107.0,-62240.505679609516,0.00021463400843500002,2.38883066768
2019-06-28,1477.0,712.0,204324797.95012113,47.58219202468429,4294144.284990554,2.5023648344034632,1716034.4590656746,211.0,85.0,-129156.57042883946,0.000216418099768,2.6786061717600003
2019-06-29,1533.0,662.0,128558697.62255739,31.865909725087864,4034364.5837088325,3.780508143283999,1067148.7617017273,157.0,5.0,-27535.109446610855,0.0002386219634942043,2.84723505591
2019-06-30,777.0,284.0,24397112.445873104,12.669548789239565,1925649.6700651203,3.066521006898313,627959.0668817407,91.0,1.0,-7890.006054675678,0.000231035223725,2.4845486065699998
2019-07-01,816.0,258.0,65615040.26939019,22.83484348137219,2873461.3540450386,2.5914705972044514,1108814.9551628262,107.0,126.0,-80108.49831941725,0.000229766347148,2.42690521575
2019-07-02,1098.0,488.0,39241410.03942982,15.211232412798818,2579765.3322561714,2.8484743313787897,905665.6413707092,162.0,77.0,21086.522073444386,0.000219957021872,2.37917019738
2019-07-03,754.0,256.0,19825035.125934564,13.42313117160768,1476930.7453292317,2.3980480633121375,615888.7171299336,75.0,112.0,-257710.98829750472,0.000207603182597,2.48295065746
2019-07-04,675.0,239.0,162389232.6895383,91.69942773159043,1770885.9990365596,1.6160621839792744,1095803.1297261468,59.0,103.0,352.00839557425,0.000206424199868,2.31081632017
2019-07-05,753.0,336.0,11499453.921234544,8.644460690239324,1330268.5191476268,2.1975916283335253,605330.1723561774,63.0,74.0,-280292.7120819706,0.000209681198914,2.29928062647
2019-07-06,516.0,167.0,47411072.37562561,50.19589015042899,944521.000295886,2.3520987367006607,401565.2002861011,52.0,1.0,-40390.969182563764,0.00021147871561899998,2.36590272398
2019-07-07,523.0,171.0,22171848.29335283,41.87397939741671,529489.8792141223,2.2089326107138905,239703.9532333219,48.0,1.0,10456.598759464609,0.000209453699954,2.39581380586
2019-07-08,775.0,238.0,84303447.852448,24.561689684914768,3432314.671096318,2.5200504595315842,1362002.359164786,100.0,98.0,418813.2600772152,0.00021010672001701796,2.58136238324
2019-07-09,1232.0,429.0,2353516508.714441,153.77111780746654,15305322.236528369,1.1325788011419764,13513693.017294751,113.0,101.0,11309895.276489574,0.00019403442483079329,2.43931098239
2019-07-10,786.0,221.0,179592563.9837479,62.475044550021416,2874628.826234046,2.124047617571516,1353373.061156083,85.0,93.0,-245330.67146782443,0.00018426767701062733,2.24005234312
2019-07-11,878.0,317.0,57755582.843882196,16.82921513593709,3431864.3131818413,2.0617873993554046,1664509.3059811967,90.0,179.0,-347167.44445193216,0.00016952764082300002,1.92325119541
2019-07-12,595.0,178.0,17875941.21230674,11.252609641773008,1588604.046651184,2.131542414379584,745283.8076006895,37.0,109.0,-193197.1310390787,0.000169730626731,2.00471096556
2019-07-13,546.0,172.0,13094635.359855613,12.001104350228323,1091119.198509967,2.2370093312472314,487758.0005004364,61.0,2.0,-127333.24241187586,0.000163789182066,1.86331909531
2019-07-14,695.0,190.0,39724857.24879554,13.888938834031954,2860179.4365641554,2.511189657685747,1138973.8834780122,87.0,11.0,-591063.9683041195,0.00015392386032499997,1.5752094517200002
2019-07-15,831.0,305.0,29551467.83283843,8.622362238224834,3427305.3040882754,2.264475545886043,1513509.5233484774,94.0,73.0,-57406.57638012612,0.000145886401407,1.59044001625
2019-07-16,623.0,189.0,22024481.560477752,10.980373926844415,2005804.3293619638,1.8626070812816407,1076880.0084136855,75.0,62.0,-350229.21135946,0.000142124557468,1.34515590695
2019-07-17,626.0,179.0,44140979.097045764,20.26024408065586,2178699.2753552673,2.7384674863558964,795590.7040015596,63.0,74.0,-46203.518664641735,0.000145823975533,1.41040899406
2019-07-18,632.0,243.0,50535246.0933001,22.776120035929292,2218782.0407330515,2.686114369300643,826019.19936519,78.0,127.0,-311393.0798345719,0.00014412158387,1.5342322939200002
2019-07-19,518.0,187.0,45144215.75616486,31.727143688135758,1422889.3782533072,2.026687502740452,702076.3567788829,30.0,51.0,-136261.1374625536,0.000146007458376,1.53528817217
2019-07-20,602.0,169.0,62986953.613264054,24.948955974144656,2524632.8414920187,1.9904498379208415,1268373.004631538,58.0,6.0,120799.71439545583,0.00015969766032099999,1.72236783234
2019-07-21,407.0,127.0,131775301.8599766,73.39535955374821,1795417.3487422757,1.6392521617034324,1095266.1162737557,36.0,3.0,221335.79900448964,0.00016279624424699998,1.72481463769
2019-07-22,576.0,265.0,9007647.530303158,9.615756687650965,936759.0947752695,1.7763103098519681,527362.3023971168,67.0,64.0,102157.5772242643,0.000160088432557,1.65490404422
2019-07-23,476.0,136.0,12334657.627531746,8.400409593780715,1468340.0243559275,2.223757283097102,660296.8927934988,39.0,75.0,120981.20992151875,0.000158113465172,1.56450959481
2019-07-24,428.0,100.0,15835394.049993042,8.58976538571534,1843518.8085959922,2.80879051804375,656339.0173646535,40.0,102.0,-172938.20568086454,0.000174655528862,1.71261052437
2019-07-25,437.0,158.0,58368131.892796144,62.32359606607676,936533.44121724,2.13354265381684,438956.9805608585,39.0,75.0,4213.89074819238,0.00017073068266642414,1.69225559637
2019-07-26,466.0,180.0,32603213.347250752,37.00016326886499,881164.0400161644,1.4700140961164496,599425.5717302734,45.0,106.0,354228.9046380817,0.000171793775487,1.6947287210500002
2019-07-27,714.0,128.0,76811231.01946701,65.10515087453103,1179802.6728713934,1.4713950594449416,801825.903450059,78.0,11.0,326647.537383661,0.000167152793774,1.5853297367199999
2019-07-28,376.0,117.0,6521717.363592063,7.209457348524986,904605.8598191675,1.5885832000516282,569441.9151541877,32.0,5.0,135765.1313923735,0.0001624256957385686,1.55086959993
2019-07-29,465.0,188.0,10422478.014836198,17.121764180802458,608726.8756173073,2.0146405857304837,302151.59960980853,33.0,91.0,-41694.50103126422,0.00016166915991321147,1.53946692264
2019-07-30,470.0,191.0,15647977.891584259,25.48002090981651,614127.3567619271,1.5438316242506827,397794.258852549,32.0,81.0,93850.41944871587,0.000160545366488,1.5400995768999999
2019-07-31,464.0,158.0,97752646.47028881,81.84675294624402,1194337.5021180322,1.7703509524110204,674633.1852966666,33.0,66.0,95239.28894146725,0.00015770027635099998,1.58931687516
2019-08-01,463.0,159.0,118412901.66827828,56.3133977665655,2102748.3043934293,1.2320865969312662,1706656.2607130872,33.0,65.0,385050.1197025054,0.000149251771765,1.55310619808
2019-08-02,468.0,135.0,15151939.689205097,18.992197388740713,797798.1367331271,1.7108446412011897,466318.2836829596,45.0,26.0,153402.62758114754,0.00014647687376924263,1.54083100687
2019-08-03,395.0,114.0,34536748.82681599,70.28105585109648,491409.0775754499,1.6190495013668826,303517.0185720558,43.0,2.0,-21499.411701568137,0.000142591799764,1.54346190268
2019-08-04,324.0,102.0,11894322.274722727,25.295735510624358,470210.5724392574,1.7399483190305476,270243.9878796206,37.0,7.0,-4377.94049122202,0.000140082712304,1.5370949551700002
2019-08-05,686.0,158.0,38452512.01827733,28.49534306946372,1349431.4465539444,2.517612569882167,535996.468518229,64.0,75.0,51684.046573929736,0.0001335492564385735,1.5774230558
2019-08-06,572.0,177.0,51201638.841677934,42.82471682483443,1195609.5133356634,2.307420682692059,518158.44518683513,63.0,108.0,29986.686405564717,0.000129768636268,1.48912776486
2019-08-07,529.0,176.0,137425933.8403636,30.50779095026724,4504617.658629906,1.1215741391739364,4016335.1679521184,53.0,111.0,-73509.83981474508,0.00012228561997,1.46213332638
2019-08-08,662.0,189.0,26012386.37765121,30.29153764297129,858734.4321785194,2.2300778667003898,385069.2592403053,68.0,77.0,49741.18761945878,0.00011952639535800001,1.43047246825
2019-08-09,930.0,202.0,35448144.454421125,33.8562360042218,1047019.6524504618,2.370489028075737,441689.30547651113,52.0,61.0,46398.70679922018,0.00011297090117099999,1.33997009044
2019-08-10,454.0,143.0,16854681.797089655,19.73952756893869,853854.3659784192,1.881921203554295,453714.19609162473,51.0,10.0,54630.9403020808,0.000116719087819,1.32456742851
2019-08-11,436.0,135.0,11245309.457314618,12.055293795499354,932810.9001800406,2.384154727799742,391254.34658383194,53.0,7.0,95685.5503564769,0.00012384048592200002,1.42596788538
2019-08-12,457.0,159.0,9733374.432023747,21.6582327578798,449407.60129574785,1.8482751579988828,243149.72765327792,43.0,34.0,71787.75734679999,0.00012340299362,1.40465348873
2019-08-13,544.0,130.0,15384799.384602899,28.020986837435338,549045.5947843064,1.9884683427597016,276114.8281708681,64.0,37.0,123504.49659520625,0.00012502430344493338,1.36224361069
2019-08-14,714.0,152.0,38949530.74909808,10.927437417927313,3564379.209822639,2.1295062433486898,1673805.4753094232,117.0,52.0,-287149.83970788185,0.000116017182589,1.16252280759
2019-08-15,549.0,171.0,16279822.910822239,10.276650271501522,1584156.5569248064,2.4702381808989307,641297.0899625262,37.0,15.0,-53165.696019159055,0.00011381175853100001,1.17349265315
2019-08-16,483.0,144.0,9298222.664728677,10.018171313498554,928135.7219555806,2.6823246781250107,346019.1562657377,48.0,27.0,19094.587975286984,0.000112589173138,1.16747505849
2019-08-17,363.0,102.0,8694560.702879507,10.061254944879716,864162.6467585204,2.528210124660441,341808.07929269125,28.0,0.0,-38483.59221072459,0.000118408190315,1.21094390083
2019-08-18,391.0,120.0,8150184.75917801,12.058425585255156,675891.2846088229,2.2517062151124483,300168.5033653781,28.0,9.0,-114817.15136592307,0.00012188585915200001,1.25954103983
2019-08-19,448.0,152.0,24006218.135249507,25.064462623107172,957779.0873169545,2.1294658045299637,449774.3449458047,52.0,69.0,-111729.8540735898,0.000114220692464,1.24655930928
2019-08-20,371.0,121.0,12176281.586087033,19.411847230370412,627260.3241507518,2.2652096207194967,276910.4980012913,35.0,48.0,-10113.324124057854,0.000114810160632,1.2351246701
2019-08-21,398.0,124.0,39536094.50650184,32.93172418881813,1200547.3591305676,2.5045896259458686,479338.9490612367,42.0,77.0,-71437.82958909989,0.000116609171429,1.18162725578
2019-08-22,391.0,121.0,19224572.499117896,13.412766251840903,1433304.073011735,2.624516406962378,546121.2089242171,41.0,130.0,-6794.657865816096,0.000121855690177,1.23437202447
2019-08-23,333.0,96.0,24263004.571855653,30.194723688252218,803551.1376875293,2.155514871372405,372788.49167758814,34.0,82.0,28214.05360191124,0.00011943217425800002,1.24279167674
2019-08-24,362.0,111.0,15727308.70306359,16.643625658271606,944944.8711463537,2.434701831028292,388115.2341135987,43.0,10.0,52551.91432410897,0.000125299280898,1.27266813615
2019-08-25,319.0,93.0,8747915.386676826,10.369245530862546,843640.4905872787,3.0969600886163557,272409.22273693106,34.0,36.0,7212.0437264036555,0.000122484343911,1.23791792563
2019-08-26,357.0,110.0,71097517.2015547,32.47518942592215,2189287.220748394,3.598264883638716,608428.5875403631,28.0,67.0,199667.81714831857,0.000119014882948,1.23367790553
2019-08-27,391.0,136.0,54315452.84457893,48.1040302245472,1129124.7862400957,1.8237341962050124,619127.9346462212,28.0,111.0,52257.738796054145,0.00011634109167599999,1.18503052948
2019-08-28,429.0,123.0,15397285.236977002,20.156656159633396,763880.9292094926,1.8724619593431282,407955.3794927122,45.0,124.0,-145353.99733866932,0.00011334220041100001,1.10467322075
2019-08-29,506.0,127.0,303701313.0458659,55.02115633689791,5519718.83662866,1.164646455934685,4739394.353111923,41.0,51.0,-94717.71405511769,0.000112254709115,1.06702229988
2019-08-30,346.0,116.0,20026017.85410328,24.78237821481999,808074.9022758289,2.0959539366708673,385540.39196078107,33.0,113.0,-89266.30164521933,0.00011334089288,1.08660584651
2019-08-31,377.0,142.0,171664642.8750655,43.20891673612303,3972898.55525474,1.0968965886394957,3621944.4899381134,41.0,18.0,-3233293.888047374,0.00011354351985,1.0924881271
2019-09-01,357.0,114.0,52437435.42012984,60.62460614633285,864953.0075883513,1.3378483600268691,646525.4459563559,38.0,4.0,97908.01472746852,0.00011241420232699999,1.09639930527
2019-09-02,990.0,560.0,80904017.55363797,32.5181868229303,2487962.1362095205,2.4473912748084263,1016577.1864183304,229.0,62.0,314272.80047484336,0.00010601453167499998,1.09763608933
2019-09-03,1021.0,569.0,272091137.4046982,79.20619951687752,3435225.260955995,3.0144775053977866,1139575.6826198883,205.0,107.0,452958.3581930907,0.00010234670596244287,1.08704282027
2019-09-04,669.0,318.0,137924305.7182946,77.61047305274597,1777135.2279293267,2.2278900451274968,797676.362806149,105.0,81.0,-18319.700974768057,0.00010200112832399999,1.08005113897
2019-09-05,701.0,324.0,48165971.03590953,40.62615645401604,1185590.1527487016,1.832737215139207,646895.8795375638,91.0,39.0,4573.425426199232,9.91142507337e-05,1.04760942991
2019-09-06,707.0,359.0,52434167.56830263,54.23427392143641,966808.6945214493,2.2376423231903457,432065.7883977681,77.0,76.0,-87609.32117250543,9.923960738663005e-05,1.02745768113
2019-09-07,646.0,355.0,24880840.485875655,36.12374842972638,688766.8519306015,1.991760813426049,345808.014339757,65.0,14.0,-7668.659981533649,0.000101781646831,1.06984673246
2019-09-08,726.0,397.0,42254175.13118451,45.9080282592386,920409.2777101835,2.1631950148087467,425486.03866469197,70.0,1.0,10070.059075960398,0.00010416168246399999,1.08758886238
2019-09-09,669.0,360.0,54691636.344724,43.01471069283021,1271463.5403520253,1.6276584011970365,781161.1695776874,51.0,72.0,-16860.211415204918,0.00010376742023700001,1.0722360178199999
2019-09-10,580.0,312.0,100849081.91539195,98.88571738625228,1019854.8848209365,1.7088017618604538,596824.5747304076,47.0,117.0,-106526.22306585999,0.00010549555863,1.06770667718
2019-09-11,669.0,362.0,47970715.407107316,39.1898187229888,1224060.660912617,1.7171138258521965,712859.3588168917,75.0,104.0,-19694.83963911897,0.000102735168022,1.04549834424
2019-09-12,690.0,393.0,26816648.048771083,23.430068517673075,1144539.8902074716,1.3921349882520588,822147.2054549363,79.0,44.0,155931.2031330045,0.000101420773763,1.0547315843
2019-09-13,483.0,213.0,12581601.836338961,6.4691330182844915,1944866.7697476714,2.5686683362074705,757149.8205249753,40.0,105.0,257634.80142081573,0.000100933949349,1.04512207799
2019-09-14,413.0,181.0,11481738.11927991,28.375258966843635,404639.0601296811,1.7561516034137696,230412.37404738064,20.0,6.0,54820.225526415095,0.00010164679651199999,1.05260719445
2019-09-15,423.0,191.0,72580976.93806186,168.7761170286113,430042.9362630603,1.4887075942254453,288869.9822121925,32.0,13.0,-28172.080863013754,0.00010203828092900001,1.05552471319
2019-09-16,605.0,223.0,9141879.540644137,11.450368648257555,798391.721827688,1.853408613954052,430769.40282715356,28.0,62.0,9950.755894087588,0.00010302222413599999,1.05751455868
2019-09-17,675.0,206.0,6978234.673636065,6.254889303209104,1115644.7916761434,2.5582494505995435,436096.9534908672,34.0,145.0,-48952.58471749114,0.000108722910812,1.11117228832
2019-09-18,811.0,260.0,169555514.4531818,70.91957795847857,2390813.9238004466,2.044708079971584,1169269.0742600658,54.0,153.0,524342.1796773095,0.00011631265832399999,1.18574784996
2019-09-19,657.0,208.0,13563497.34486831,9.18959302420497,1475962.7884654615,2.6122554783860683,565014.7164692164,38.0,96.0,-97257.4214794419,0.000111346708106,1.14280444708
2019-09-20,494.0,195.0,9984132.004574915,22.72365067536322,439371.8310147946,2.090248895022107,210200.72397174872,43.0,79.0,16549.22716824294,0.000111729347436,1.13772538153
2019-09-21,549.0,196.0,11482558.3070674,23.600383960586722,486541.1650184837,1.8644781163568982,260953.00381919328,13.0,29.0,-702.8196147785238,0.000111824119331,1.11997503442
2019-09-22,483.0,213.0,50519709.32307346,71.0926895183564,710617.5004116151,1.411147718506567,503574.1411704717,21.0,4.0,-291672.54079704854,0.00010679044751699999,1.0752711640600001
2019-09-23,536.0,228.0,137009219.19791248,104.1651397720125,1315307.7843296346,1.523066077285211,863592.0686212818,17.0,65.0,354899.2503643437,0.000104713393811,1.0178210742
2019-09-24,839.0,309.0,80017603.72739409,20.892707195292406,3829929.8879478797,2.0762050214862677,1844678.0777007241,104.0,96.0,118825.72180261488,9.26804168274e-05,0.795075858061
2019-09-25,652.0,267.0,17734432.207636323,9.216154199709932,1924276.8538089897,2.2154242231640353,868581.6620081747,42.0,150.0,-77409.70537399365,9.68398587491e-05,0.820788817705
2019-09-26,597.0,245.0,43444389.35219613,29.914043480650076,1452307.4882971996,2.096895680485111,692598.8268339674,47.0,138.0,-123390.39122810843,9.949609604180001e-05,0.806396546785
2019-09-27,500.0,210.0,5818656.225640608,7.425296616966077,783626.0995076676,2.14232304223828,365783.3501566327,34.0,103.0,-142981.74407373616,0.000100270031798,0.826928203278
2019-09-28,510.0,227.0,116639564.54520033,66.20332029334635,1761838.5910007437,1.4173942759194182,1243012.3508562183,33.0,20.0,25819.84809709597,9.94019123683e-05,0.818754494085
2019-09-29,497.0,239.0,43315475.40577209,62.633326578881885,691572.3269339616,2.048733892156478,337560.8367595363,37.0,19.0,-68461.06287406446,9.846378923555203e-05,0.797972836949
2019-09-30,630.0,271.0,80885422.07565384,88.6361461580441,912555.7188760187,1.8741773935683146,486910.00222693523,39.0,134.0,-11756.219387939997,9.88617450899e-05,0.81939466066
2019-10-01,407.0,129.0,7511670.507076472,9.872773538042336,760847.0383861301,2.401245294358601,316855.191834686,30.0,159.0,-765.7366753000072,9.80240204818e-05,0.81699928046
2019-10-02,395.0,127.0,23094145.33567052,32.85072767654121,703002.5502954721,2.157990400470841,325767.227760646,36.0,147.0,-22550.554952477956,9.95200638248e-05,0.835130062203
2019-10-03,322.0,90.0,12549916.451537615,24.557269471810834,511046.90063134267,2.1721124475281353,235276.44768709567,23.0,149.0,9760.140154608827,9.917783724072159e-05,0.819158798755
2019-10-04,327.0,98.0,10699179.738433428,23.78688065959958,449793.30798112013,2.2669480367829755,198413.5942610407,25.0,144.0,5816.008838400125,0.00010267446355000001,0.842070969725
2019-10-05,276.0,86.0,7643046.934941595,17.26622821636096,442658.74626279273,1.8948005802249925,233617.59062277185,16.0,4.0,-15320.320754634251,0.00010280132340199998,0.836648061688
2019-10-06,548.0,88.0,10324344.1582125,6.8001128328042935,1518260.7130292046,3.545393161611096,428234.79479474085,44.0,1.0,-119587.13512421906,0.000111200977737,0.886968404319
2019-10-07,460.0,168.0,43268267.58976809,18.171722667259058,2381076.818199895,3.2672472431259965,728771.5440603606,33.0,57.0,139951.57060428784,0.00011003737254199999,0.906837807637
2019-10-08,382.0,114.0,554684993.3318639,156.660656836618,3540678.333235557,1.9977938251975822,1772294.161979092,32.0,59.0,1208543.950692666,0.00011056151776100001,0.910094251257
2019-10-09,448.0,157.0,31818234.85126169,37.031593080491085,859218.6348046729,2.340978834111196,367033.91858341795,34.0,18.0,-30251.878768922346,0.00010742095170099999,0.922806203399
2019-10-10,418.0,151.0,17711231.140069548,5.658230444653269,3130171.404879016,2.0625860634938453,1517595.5371175022,34.0,45.0,27832.339760404735,0.000104137706477,0.893689359541
2019-10-11,336.0,85.0,8500659.449524287,9.858562336182768,862261.5711750672,2.427751213250763,355168.8354510166,29.0,80.0,67926.40995236828,0.00010156929228,0.842889883767
2019-10-12,302.0,84.0,56240848.030572526,30.187228304651935,1863067.6345302514,2.0466907916323236,910282.9025992609,30.0,4.0,-306003.1275407901,0.000100224012234,0.835186319636
2019-10-13,343.0,91.0,27801418.74288218,16.817776371850435,1653097.182896078,1.8092344510084208,913699.8148441662,31.0,2.0,-82587.6009057701,9.98339135179e-05,0.829953482409
2019-10-14,377.0,105.0,39072817.888497636,9.566653063010623,4084272.4860141883,3.704501600545698,1102516.0538228801,35.0,17.0,329013.6414119662,9.89729612372e-05,0.828868699926
2019-10-15,415.0,107.0,17329910.836274043,4.94786533737887,3502502.5247462685,3.977333909226042,880615.659807106,30.0,156.0,-59479.83521133599,9.764880336639999e-05,0.800682072378
2019-10-16,438.0,121.0,7015397.875823578,6.508274582058265,1077919.7754137982,2.406436521922587,447931.9381974016,35.0,113.0,-64365.94084306301,9.641726183970001e-05,0.775478153795
2019-10-17,365.0,97.0,23768443.235969286,17.000640825744856,1398091.0178383172,2.131237608000165,655999.599758475,30.0,98.0,-64691.76129423994,9.83972846033e-05,0.796989173453
2019-10-18,473.0,161.0,130119331.44368574,56.468785502498015,2304270.054434403,2.020658540968741,1140355.9818323855,49.0,129.0,421212.7032966955,9.68729261587e-05,0.772205522263
2019-10-19,446.0,166.0,16993712.81889058,30.912551456476006,549735.0434763446,1.9662694842333115,279582.7570353091,62.0,19.0,14556.499452835407,9.63304709445e-05,0.769486659992
2019-10-20,461.0,167.0,212453703.80464292,48.1419476648114,4413068.31380926,3.076747749791694,1434328.9319405663,67.0,64.0,690344.8009487883,9.911133793599999e-05,0.814874066896
2019-10-21,470.0,195.0,22043000.024254978,16.982976938229356,1297946.7677798762,2.508016050855249,517519.3226284458,57.0,66.0,76171.28497358068,9.839613007569999e-05,0.810601182514
2019-10-22,535.0,161.0,71302779.25623515,67.94243112995937,1049458.7560437478,3.2049581022544036,327448.5102646261,47.0,20.0,111302.51847150871,9.70862072223e-05,0.783522325187
2019-10-23,454.0,155.0,211731733.94399163,110.62655622362482,1913932.252541503,1.7318628651362866,1105129.2172552529,43.0,27.0,733511.9747474685,9.715234715019999e-05,0.727465447774
2019-10-24,527.0,156.0,44847572.2807142,10.992427356887964,4079860.6917890827,3.4764022274184496,1173587.0664249223,58.0,64.0,76326.95916766104,0.000105334955667,0.788949528275
2019-10-25,431.0,156.0,28777995.88288631,18.999443944294942,1514675.6908918715,1.9387254854441998,781273.9360285604,60.0,101.0,54873.6306129619,9.716608994914528e-05,0.84219458148
2019-10-26,539.0,205.0,45625188.76357407,19.359739286355484,2356704.7101574424,2.356704710721014,999999.999760863,50.0,2.0,511407.7099075152,9.17509736741e-05,0.848521604221
2019-10-27,631.0,205.0,53755255.196006015,16.66942253748872,3224782.086788734,3.155073371539449,1022094.1661382883,93.0,14.0,248619.84785856004,0.00010171314035800001,0.972920213447
2019-10-28,709.0,255.0,1014376209.9678822,100.20495923957996,10123014.047065383,2.431750097219193,4162851.2973604714,114.0,133.0,198005.48896079374,0.000111794726518,1.0333032042
2019-10-29,867.0,321.0,62311216.03513174,24.372709024695816,2556597.8723167144,3.002434201898631,851508.3763367775,95.0,153.0,-125878.68850841845,0.000110209487673,1.03946082033
2019-10-30,596.0,279.0,63982222.49804466,29.046192353742434,2202774.866971534,2.2162075676305695,993938.879708187,74.0,85.0,-173538.28882788366,0.000107127551036,0.986881557018
2019-10-31,532.0,252.0,28168509.676038325,31.844646588383874,884560.285442561,2.722008460734002,324966.03085650783,58.0,138.0,-22867.237720304693,0.000103565276777,0.952379358433
2019-11-01,414.0,156.0,23158167.219009556,30.007226617845188,771753.0018331469,1.6054494960544914,480708.3646852713,50.0,57.0,-34515.56317795442,0.00010591754779244127,0.980773508752
2019-11-02,399.0,148.0,18022255.853169713,32.13747592334783,560786.2887600505,2.6163137327967814,214342.1416668488,42.0,29.0,13750.214262335703,0.00010605734958699999,0.988968656325
2019-11-03,377.0,128.0,6249811.660669571,10.54910026527502,592449.7353809767,1.9478658585478488,304153.25202252535,42.0,22.0,-83650.2839647911,0.000104653570343,0.966275528373
2019-11-04,394.0,150.0,24716119.77113099,21.44938848793923,1152299.5065816718,2.689358544894147,428466.3005493855,37.0,83.0,69035.23548033975,0.000104648707803,0.98622161457
2019-11-05,520.0,149.0,16642334.759126147,14.816944831488856,1123196.1074565111,2.66007667797979,422242.0040573901,72.0,121.0,92625.06020726431,0.00011059641208299999,1.03369824375
2019-11-06,501.0,153.0,49934412.38164991,31.003919314520196,1610583.870867704,2.588794395656661,622136.6492332704,40.0,74.0,8778.29725887265,0.00011075568092300001,1.0364777288
2019-11-07,394.0,130.0,14600518.676719958,10.989685171462039,1328565.69127517,2.546637347194083,521694.1048708795,44.0,121.0,-23908.610910926025,0.000108415979618,1.00486190062
2019-11-08,355.0,102.0,14031894.48592038,20.317741674137675,690622.7429685992,2.424803340957806,284815.98128110485,31.0,114.0,-106628.80805005309,0.000108532849226,0.95519880468
2019-11-09,319.0,100.0,25970617.70480243,49.77613815559419,521748.3450327427,2.701963685568272,193099.68813404287,33.0,38.0,14236.203862967788,0.00010916532218462328,0.962137571769
2019-11-10,325.0,93.0,297043070.31080467,171.94686133774817,1727528.307291025,2.1377731534223465,808097.1100817863,28.0,7.0,-67172.24565429002,0.000111248485429,1.00768569289
2019-11-11,364.0,117.0,181759782.38542706,28.795816618024812,6312020.415897986,1.5759081311687042,4005322.5762703246,24.0,85.0,-2380302.0828831643,0.000108991025155,0.954104149285
2019-11-12,360.0,101.0,24289113.336430103,18.23940731062993,1331683.2571787797,1.6739938987056866,752332.7193858563,50.0,143.0,19382.539317356397,0.000109604201539,0.966098571899
2019-11-13,346.0,117.0,31650105.179068416,38.37379578744163,824784.3229891369,1.9145573931726654,430796.34276325564,32.0,80.0,16646.73220394011,0.00011156032405251153,0.982652628021
2019-11-14,387.0,127.0,29947519.17633265,22.00623422848797,1360865.2377954037,3.1751032144461027,428605.0392326559,51.0,56.0,73574.09133501527,0.00011742515956499999,1.02178319096
2019-11-15,448.0,127.0,48129479.33233208,23.6122515773721,2038326.5515625428,2.3117650842669746,881718.7202257902,73.0,118.0,189112.3146822622,0.000119241452397,1.01153160932
2019-11-16,383.0,118.0,19963379.367465883,14.546080749446435,1372423.2466003338,2.1591106223538916,635642.8579393951,51.0,7.0,57561.75041480351,0.00012311542871,1.05319145605
2019-11-17,374.0,104.0,15392874.843783667,23.69684597590259,649574.8362223698,2.375518531155111,273445.49314313714,37.0,12.0,15180.242637371812,0.000120577325561,1.03437395733
2019-11-18,400.0,114.0,140299571.01755074,78.00908604409453,1798502.9453908298,1.866623545595626,963505.9782860184,39.0,47.0,-82611.70551833033,0.00011474060768,0.953363050466
2019-11-19,432.0,116.0,36118739.83365881,28.85059083073952,1251923.7489991114,3.033091169191626,412755.0670798905,46.0,46.0,-78886.30879705111,0.00011100782712899999,0.911423209991
2019-11-20,363.0,96.0,10035142.563852623,13.176348382664257,761602.7045137613,2.568682889725255,296495.4169937348,26.0,115.0,-97093.01950499511,0.000109542923848,0.890855341951
2019-11-21,632.0,135.0,19786503.874587804,12.737448218887586,1553411.9185071622,2.6719030325109627,581387.8346652882,85.0,159.0,-36310.5568916365,0.000107742762268,0.822872826268
2019-11-22,459.0,140.0,58087569.642912276,26.859952386761893,2162608.8090737327,2.0764535781208786,1041491.5276029548,39.0,81.0,61936.18382031638,0.00010679972672099999,0.778872436308
2019-11-23,310.0,87.0,8367484.26010666,16.09129022211824,520000.8293061026,2.5678462242658107,202504.66106270812,23.0,6.0,-405.7766183424317,0.000110295946641,0.815376938353
2019-11-24,319.0,89.0,20730081.294349685,20.08527357491156,1032103.5069317429,3.3650522009849997,306712.4803085168,27.0,1.0,-75935.39152643167,0.00010658771489800001,0.747865915535
2019-11-25,717.0,125.0,394690987.5155221,109.15771418699066,3615786.483394144,3.5320211611474615,1023715.974062698,73.0,113.0,-81650.2936304717,0.000101553599157,0.724969705618
2019-11-26,367.0,101.0,33584772.34511543,42.97048243220555,781577.7353233591,2.567778554776561,304378.9480480999,37.0,125.0,-53852.73426956442,0.00010382391069400001,0.750668241141
2019-11-27,363.0,109.0,229189159.22869265,83.9350968253626,2730552.151569553,1.3671888773638363,1997201.8473661859,36.0,110.0,51764.30214946076,0.000101900891672,0.766395017826
2019-11-28,313.0,82.0,11364979.434073394,18.435589000244555,616469.5597153218,2.4714787067435466,249433.49017462926,25.0,111.0,-49332.94174287001,0.00010519486999,0.785160830392
2019-11-29,366.0,103.0,96479571.11890566,58.18885656755509,1658042.051520577,1.4232957967864095,1164931.4606733113,45.0,62.0,-50775.92698979967,0.000104124946097,0.808046847504
2019-11-30,326.0,100.0,23774547.850071892,26.734054164409166,889298.2599594928,2.6107460203053017,340629.93988802435,30.0,1.0,-41348.849356943516,0.000101837664733,0.769874094254
2019-12-01,311.0,88.0,19080323.93692487,26.680094002463782,715152.050632314,2.3322656903737964,306634.03984547546,25.0,17.0,-75011.30981850463,0.00010231170465099999,0.759002289143
2019-12-02,358.0,102.0,15075621.729737831,42.32460276569263,356190.50728475564,1.6804021775448574,211967.41592251783,20.0,158.0,-19595.96824439172,0.000100676972474,0.736352074012
2019-12-03,349.0,127.0,16808532.599367835,21.23119589390623,791690.3354554899,2.243335936335611,352907.61523157405,33.0,129.0,-47615.4183804346,0.000101715687388,0.743491092177
2019-12-04,386.0,133.0,23839486.98660917,30.374484450990582,784852.3988966574,2.6682060390732567,294149.8472768837,34.0,98.0,20412.69919431296,0.00010035490245800001,0.72867872693
2019-12-05,333.0,106.0,10815930.441872658,18.591721541351603,581760.565734374,1.8868933807290662,308316.60743310826,30.0,109.0,-25936.170505519156,9.92674186665e-05,0.738439340123
2019-12-06,321.0,120.0,12769843.754089905,33.89049561961583,376797.19699049555,1.8026407186731723,209025.12247023665,33.0,66.0,-19723.979549925232,9.964263144720001e-05,0.752442490377
2019-12-07,269.0,93.0,6433909.408888056,49.21783267599957,130723.13547901239,2.2625103397086654,57777.9173799688,28.0,12.0,-5986.423902876618,9.95450063142e-05,0.752198921417
2019-12-08,259.0,92.0,157034806.11548555,306.3829633951919,512544.18449152564,2.097714664151153,244334.55762627663,24.0,4.0,157949.56906021945,9.9261570109266e-05,0.750595661535
2019-12-09,309.0,108.0,9701997.096530365,21.202696643996735,457583.16781263595,1.953872065104101,234193.0037206687,32.0,77.0,-36799.7829895118,9.96222860475e-05,0.736880277788
2019-12-10,321.0,101.0,788631360.7038604,156.68457639292836,5033241.808856521,2.8954185373737307,1738346.8897114573,24.0,99.0,-26986.124794341962,0.000101068155418,0.735965157552
2019-12-11,344.0,130.0,8623837.441108972,9.860564450913671,874578.4771286487,2.104684665752981,415538.9599970102,34.0,117.0,264324.9160448109,9.997276569100078e-05,0.721512663624
2019-12-12,357.0,137.0,4952398.257803512,13.388755099151703,369892.36274232005,1.9172379155009918,192929.81833486422,48.0,121.0,-26492.27613578811,9.880720591565228e-05,0.715673868453
2019-12-13,393.0,149.0,36528244.91430534,27.831683769369796,1312469.817385124,2.189743812018569,599371.4014313177,35.0,137.0,162590.31225969974,9.788618153368448e-05,0.711410460176
2019-12-14,371.0,130.0,24110714.58334067,25.960407268256365,928749.473542449,2.4282425236194976,382478.0533692624,45.0,10.0,-55055.35095136912,9.977692293158421e-05,0.710935153026
2019-12-15,338.0,155.0,22981736.348432336,84.26240882874288,272740.0826522894,1.7471727059911613,156103.67636642169,40.0,15.0,-22093.294681275234,9.875276433987001e-05,0.7063095785
2019-12-16,415.0,162.0,20197967.86237883,26.80821129528935,753424.6742500104,2.191577094911401,343781.9623135227,54.0,169.0,3043.9668001699583,9.524742826143638e-05,0.660210322404
2019-12-17,390.0,109.0,140386344.63440642,100.3445300970479,1399043.3210323693,2.6924181548339465,519623.34250366664,47.0,110.0,-12825.42685781396,8.926046691756814e-05,0.590135012137
2019-12-18,385.0,102.0,32123757.55646223,29.177171198041275,1100989.4461125408,2.227243482990733,494328.28270492353,43.0,219.0,-92155.84828807351,9.092568627668648e-05,0.661719955415
2019-12-19,306.0,80.0,14954857.807274431,15.009283589643985,996373.8587491872,2.062258040919827,483147.03542374104,26.0,76.0,-107.6958850971698,8.857069688144476e-05,0.638044058575
2019-12-20,318.0,97.0,89591648.20190857,88.31350769013505,1014472.763512668,2.765866612383231,366782.9673964425,28.0,181.0,-18882.17367885894,9.127518241587986e-05,0.658898782531
2019-12-21,208.0,55.0,4407874.964901854,20.913642944713303,210765.52643431767,1.971088730555229,106928.48229868768,18.0,20.0,877.4764224224949,9.07698828995448e-05,0.652740612155
2019-12-22,280.0,87.0,12417716.284146741,32.1995911811825,385648.25914323033,2.1210774487743067,181817.15116818697,16.0,15.0,48849.577780897314,8.695754069163325e-05,0.653405482069
2019-12-23,339.0,87.0,14295826.603003586,15.55116309038633,919277.0032642263,2.3340208211825173,393859.81261233136,39.0,116.0,90688.65510501334,8.584002924608703e-05,0.631301296308
2019-12-24,304.0,76.0,13773272.507462116,33.14915092279413,415493.9756840438,2.7379251036196086,151755.05536464456,26.0,30.0,-21048.166224886256,8.568020412949185e-05,0.626187607164
2019-12-25,226.0,54.0,31267606.530987397,73.66579775528557,424452.15396780154,1.8566272274063473,228614.63394606602,15.0,37.0,20814.226358872722,8.460880404465096e-05,0.615745342819
2019-12-26,277.0,66.0,53982574.534081,41.70288346992954,1294456.6428603411,2.003973603787943,645944.9567666649,19.0,38.0,64136.069688490956,8.500416028328063e-05,0.615526964414
2019-12-27,308.0,93.0,29950664.573642638,19.68831579565463,1521240.5613817403,2.6952460990796765,564416.2000275918,17.0,22.0,170668.12535067846,8.649401476750253e-05,0.630753113375
2019-12-28,292.0,82.0,12430251.271290908,35.19853934855475,353146.79249044723,2.340119281274808,150909.74007874774,24.0,36.0,4848.5490603858025,8.528888069830034e-05,0.624143178968
2019-12-29,332.0,84.0,21647938.524014276,25.206210904648167,858833.5075789698,2.1993893185364746,390487.2595045875,43.0,1.0,-31861.075116245105,8.655480225706316e-05,0.642260243864
2019-12-30,336.0,106.0,13594664.873176927,22.294074641553088,609788.2550298071,1.8382010351621838,331730.9931641978,27.0,46.0,-6666.398267644878,8.538248386911469e-05,0.623349702671
2019-12-31,374.0,109.0,60152324.4410574,46.72784624417111,1287290.7543552995,1.3327792665167901,965869.4329178932,53.0,32.0,-39382.916845779226,8.413558170641122e-05,0.605564356993
2020-01-01,278.0,68.0,8647702.799444951,27.44058386262147,315142.8133868727,1.87046887857175,168483.32361857267,19.0,3.0,-36918.60946741615,8.589244828336085e-05,0.618468690989
2020-01-02,259.0,63.0,11517207.378057899,22.137325435992118,520261.91742804524,2.8857327102815837,180287.63217549678,16.0,20.0,17185.1847708,8.516587966937784e-05,0.594923697506
2020-01-03,1343.0,70.0,127255448.40684105,58.29572310048652,2182929.4095466686,1.551624831922462,1406866.7661383185,27.0,68.0,-9347.980084252136,8.544414437934907e-05,0.627771134979
2020-01-04,227.0,64.0,2966590.34232057,11.848727330986405,250372.0660836239,1.9068190980501394,131303.52341218293,10.0,20.0,-23301.66268710295,8.510541681711669e-05,0.630669580198
2020-01-05,304.0,92.0,7824599.645657063,16.792189338435797,465966.6162617203,2.0492577275232224,227383.12024076015,19.0,8.0,-32703.595205069996,8.637717797534964e-05,0.640125073789
2020-01-06,341.0,89.0,66572522.29018829,64.97415566442942,1024600.0368825704,2.5736823553142543,398106.64076976344,38.0,67.0,133541.0836369828,8.783668201176482e-05,0.683533393189
2020-01-07,335.0,97.0,11826145.393748112,18.923806560485062,624934.8066388698,2.5114772420476,248831.56262621068,25.0,71.0,-13855.466003937754,8.245447720928674e-05,0.6729881228
2020-01-08,445.0,111.0,115092014.76016986,67.97395571652201,1693178.1231056897,2.921739958905052,579510.2051930123,50.0,69.0,71088.45459330967,8.214000000000001e-05,0.66369008
2020-01-09,341.0,87.0,10985229.074595742,26.180556315523816,419594.94451544655,2.1821649030787036,192283.79299999814,30.0,62.0,9573.062588103126,8.17e-05,0.64373583
2020-01-10,353.0,96.0,62330442.980852336,43.225563608412116,1441981.0357018043,2.269996024266132,635235.0489988117,33.0,42.0,24891.15823576019,8.125999999999999e-05,0.66357649
2020-01-11,322.0,101.0,5503406.092170303,5.607697126040861,981402.1635750876,2.5577725318404307,383694.0741829478,31.0,7.0,-93065.68828330717,8.350999999999999e-05,0.6711887
2020-01-12,323.0,92.0,28865899.342457168,36.25100751552351,796278.5401232265,2.0223015198044902,393748.6731455402,22.0,7.0,63772.82251454308,8.439044615132373e-05,0.691368224201
2020-01-13,293.0,83.0,18712845.97058162,30.67076705223933,610119.9209889133,2.187150442345179,278956.54051794915,27.0,123.0,-3374.364287546869,8.284000000000001e-05,0.67466578
2020-01-14,431.0,118.0,22198876.589253776,9.917085291359776,2238447.682666848,3.085074071201141,725573.3998617847,44.0,137.0,202549.93389700825,8.31175913769239e-05,0.733742516337
2020-01-15,571.0,164.0,56003902.7717133,22.088564909478908,2535425.1397147244,2.7571851220078583,919570.1512665788,62.0,112.0,123958.86463304995,9.05e-05,0.79704432
2020-01-16,373.0,107.0,30968290.038449425,28.339843009196557,1092747.4096592532,2.341704674614027,466379.6491659745,30.0,71.0,48165.22630338,8.874000000000001e-05,0.77411983
2020-01-17,477.0,115.0,19679883.19474967,10.85045176814828,1813738.599577978,2.2699438467171547,799023.5539090747,43.0,71.0,-105049.0511690636,9.968e-05,0.89002975
2020-01-18,470.0,136.0,17485943.038673837,11.15010198467596,1568231.6684372453,2.872873075955311,545875.7233525766,35.0,5.0,16013.728739019753,9.411558604926177e-05,0.841529406424
